Workbook

Sheet Rates
A1: Date | B1: Currency pair | C1: Rate | D1: Daily move
A2: 46251 | B2: EUR/CAD | C2: 1.6067
A3: 46251 | B3: EUR/GBP | C3: 0.855
A4: 46251 | B4: EUR/INR | C4: 110.8375
A5: 46251 | B5: EUR/USD | C5: 1.1593
A6: 46252 | B6: EUR/CAD | C6: 1.606 | D6: -0.0007
A7: 46252 | B7: EUR/GBP | C7: 0.85585 | D7: 0.00085
A8: 46252 | B8: EUR/INR | C8: 110.7673 | D8: -0.0702
A9: 46252 | B9: EUR/USD | C9: 1.1576 | D9: -0.0017
A10: 46253 | B10: EUR/CAD | C10: 1.6098 | D10: 0.0038
A11: 46253 | B11: EUR/GBP | C11: 0.85608 | D11: 0.00023
A12: 46253 | B12: EUR/INR | C12: 111.1265 | D12: 0.3592
A13: 46253 | B13: EUR/USD | C13: 1.1605 | D13: 0.0029
A14: 46254 | B14: EUR/CAD | C14: 1.6085 | D14: -0.0013
A15: 46254 | B15: EUR/GBP | C15: 0.85725 | D15: 0.00117
A16: 46254 | B16: EUR/INR | C16: 111.7985 | D16: 0.672
A17: 46254 | B17: EUR/USD | C17: 1.1681 | D17: 0.0076
... A89: 46280 | B89: EUR/USD | C89: 1.1539 | D89: -0.0012

Sheet Daily by pair
A1: Date | B1: EUR/CAD | C1: EUR/GBP | D1: EUR/INR | E1: EUR/USD
A2: 46251 | B2: =IFERROR(SUMIFS(Rates!$C:$C,Rates!$A:$A,$A2,Rates!$B:$B,B$1),"") | C2: =IFERROR(SUMIFS(Rates!$C:$C,Rates!$A:$A,$A2,Rates!$B:$B,C$1),"") | D2: =IFERROR(SUMIFS(Rates!$C:$C,Rates!$A:$A,$A2,Rates!$B:$B,D$1),"") | E2: =IFERROR(SUMIFS(Rates!$C:$C,Rates!$A:$A,$A2,Rates!$B:$B,E$1),"")
A3: 46252 | B3: =IFERROR(SUMIFS(Rates!$C:$C,Rates!$A:$A,$A3,Rates!$B:$B,B$1),"") | C3: =IFERROR(SUMIFS(Rates!$C:$C,Rates!$A:$A,$A3,Rates!$B:$B,C$1),"") | D3: =IFERROR(SUMIFS(Rates!$C:$C,Rates!$A:$A,$A3,Rates!$B:$B,D$1),"") | E3: =IFERROR(SUMIFS(Rates!$C:$C,Rates!$A:$A,$A3,Rates!$B:$B,E$1),"")
A4: 46253 | B4: =IFERROR(SUMIFS(Rates!$C:$C,Rates!$A:$A,$A4,Rates!$B:$B,B$1),"") | C4: =IFERROR(SUMIFS(Rates!$C:$C,Rates!$A:$A,$A4,Rates!$B:$B,C$1),"") | D4: =IFERROR(SUMIFS(Rates!$C:$C,Rates!$A:$A,$A4,Rates!$B:$B,D$1),"") | E4: =IFERROR(SUMIFS(Rates!$C:$C,Rates!$A:$A,$A4,Rates!$B:$B,E$1),"")
A5: 46254 | B5: =IFERROR(SUMIFS(Rates!$C:$C,Rates!$A:$A,$A5,Rates!$B:$B,B$1),"") | C5: =IFERROR(SUMIFS(Rates!$C:$C,Rates!$A:$A,$A5,Rates!$B:$B,C$1),"") | D5: =IFERROR(SUMIFS(Rates!$C:$C,Rates!$A:$A,$A5,Rates!$B:$B,D$1),"") | E5: =IFERROR(SUMIFS(Rates!$C:$C,Rates!$A:$A,$A5,Rates!$B:$B,E$1),"")
A6: 46255 | B6: =IFERROR(SUMIFS(Rates!$C:$C,Rates!$A:$A,$A6,Rates!$B:$B,B$1),"") | C6: =IFERROR(SUMIFS(Rates!$C:$C,Rates!$A:$A,$A6,Rates!$B:$B,C$1),"") | D6: =IFERROR(SUMIFS(Rates!$C:$C,Rates!$A:$A,$A6,Rates!$B:$B,D$1),"") | E6: =IFERROR(SUMIFS(Rates!$C:$C,Rates!$A:$A,$A6,Rates!$B:$B,E$1),"")
A7: 46258 | B7: =IFERROR(SUMIFS(Rates!$C:$C,Rates!$A:$A,$A7,Rates!$B:$B,B$1),"") | C7: =IFERROR(SUMIFS(Rates!$C:$C,Rates!$A:$A,$A7,Rates!$B:$B,C$1),"") | D7: =IFERROR(SUMIFS(Rates!$C:$C,Rates!$A:$A,$A7,Rates!$B:$B,D$1),"") | E7: =IFERROR(SUMIFS(Rates!$C:$C,Rates!$A:$A,$A7,Rates!$B:$B,E$1),"")
A8: 46259 | B8: =IFERROR(SUMIFS(Rates!$C:$C,Rates!$A:$A,$A8,Rates!$B:$B,B$1),"") | C8: =IFERROR(SUMIFS(Rates!$C:$C,Rates!$A:$A,$A8,Rates!$B:$B,C$1),"") | D8: =IFERROR(SUMIFS(Rates!$C:$C,Rates!$A:$A,$A8,Rates!$B:$B,D$1),"") | E8: =IFERROR(SUMIFS(Rates!$C:$C,Rates!$A:$A,$A8,Rates!$B:$B,E$1),"")
A9: 46260 | B9: =IFERROR(SUMIFS(Rates!$C:$C,Rates!$A:$A,$A9,Rates!$B:$B,B$1),"") | C9: =IFERROR(SUMIFS(Rates!$C:$C,Rates!$A:$A,$A9,Rates!$B:$B,C$1),"") | D9: =IFERROR(SUMIFS(Rates!$C:$C,Rates!$A:$A,$A9,Rates!$B:$B,D$1),"") | E9: =IFERROR(SUMIFS(Rates!$C:$C,Rates!$A:$A,$A9,Rates!$B:$B,E$1),"")
A10: 46261 | B10: =IFERROR(SUMIFS(Rates!$C:$C,Rates!$A:$A,$A10,Rates!$B:$B,B$1),"") | C10: =IFERROR(SUMIFS(Rates!$C:$C,Rates!$A:$A,$A10,Rates!$B:$B,C$1),"") | D10: =IFERROR(SUMIFS(Rates!$C:$C,Rates!$A:$A,$A10,Rates!$B:$B,D$1),"") | E10: =IFERROR(SUMIFS(Rates!$C:$C,Rates!$A:$A,$A10,Rates!$B:$B,E$1),"")
A11: 46262 | B11: =IFERROR(SUMIFS(Rates!$C:$C,Rates!$A:$A,$A11,Rates!$B:$B,B$1),"") | C11: =IFERROR(SUMIFS(Rates!$C:$C,Rates!$A:$A,$A11,Rates!$B:$B,C$1),"") | D11: =IFERROR(SUMIFS(Rates!$C:$C,Rates!$A:$A,$A11,Rates!$B:$B,D$1),"") | E11: =IFERROR(SUMIFS(Rates!$C:$C,Rates!$A:$A,$A11,Rates!$B:$B,E$1),"")
A12: 46265 | B12: =IFERROR(SUMIFS(Rates!$C:$C,Rates!$A:$A,$A12,Rates!$B:$B,B$1),"") | C12: =IFERROR(SUMIFS(Rates!$C:$C,Rates!$A:$A,$A12,Rates!$B:$B,C$1),"") | D12: =IFERROR(SUMIFS(Rates!$C:$C,Rates!$A:$A,$A12,Rates!$B:$B,D$1),"") | E12: =IFERROR(SUMIFS(Rates!$C:$C,Rates!$A:$A,$A12,Rates!$B:$B,E$1),"")
A13: 46266 | B13: =IFERROR(SUMIFS(Rates!$C:$C,Rates!$A:$A,$A13,Rates!$B:$B,B$1),"") | C13: =IFERROR(SUMIFS(Rates!$C:$C,Rates!$A:$A,$A13,Rates!$B:$B,C$1),"") | D13: =IFERROR(SUMIFS(Rates!$C:$C,Rates!$A:$A,$A13,Rates!$B:$B,D$1),"") | E13: =IFERROR(SUMIFS(Rates!$C:$C,Rates!$A:$A,$A13,Rates!$B:$B,E$1),"")
... A23: 46280 | B23: =IFERROR(SUMIFS(Rates!$C:$C,Rates!$A:$A,$A23,Rates!$B:$B,B$1),"") | C23: =IFERROR(SUMIFS(Rates!$C:$C,Rates!$A:$A,$A23,Rates!$B:$B,C$1),"") | D23: =IFERROR(SUMIFS(Rates!$C:$C,Rates!$A:$A,$A23,Rates!$B:$B,D$1),"") | E23: =IFERROR(SUMIFS(Rates!$C:$C,Rates!$A:$A,$A23,Rates!$B:$B,E$1),"")

Sheet Summary
A1: Currency pair | B1: Observations | C1: Average rate | D1: Lowest | E1: Highest | F1: Range | G1: Largest rise | H1: Largest fall
A2: EUR/CAD | B2: =COUNTIFS(Rates!$B:$B,$A2) | C2: =AVERAGEIFS(Rates!$C:$C,Rates!$B:$B,$A2) | D2: =MINIFS(Rates!$C:$C,Rates!$B:$B,$A2) | E2: =MAXIFS(Rates!$C:$C,Rates!$B:$B,$A2) | F2: =E2-D2 | G2: =MAXIFS(Rates!$D:$D,Rates!$B:$B,$A2) | H2: =MINIFS(Rates!$D:$D,Rates!$B:$B,$A2)
A3: EUR/GBP | B3: =COUNTIFS(Rates!$B:$B,$A3) | C3: =AVERAGEIFS(Rates!$C:$C,Rates!$B:$B,$A3) | D3: =MINIFS(Rates!$C:$C,Rates!$B:$B,$A3) | E3: =MAXIFS(Rates!$C:$C,Rates!$B:$B,$A3) | F3: =E3-D3 | G3: =MAXIFS(Rates!$D:$D,Rates!$B:$B,$A3) | H3: =MINIFS(Rates!$D:$D,Rates!$B:$B,$A3)
A4: EUR/INR | B4: =COUNTIFS(Rates!$B:$B,$A4) | C4: =AVERAGEIFS(Rates!$C:$C,Rates!$B:$B,$A4) | D4: =MINIFS(Rates!$C:$C,Rates!$B:$B,$A4) | E4: =MAXIFS(Rates!$C:$C,Rates!$B:$B,$A4) | F4: =E4-D4 | G4: =MAXIFS(Rates!$D:$D,Rates!$B:$B,$A4) | H4: =MINIFS(Rates!$D:$D,Rates!$B:$B,$A4)
A5: EUR/USD | B5: =COUNTIFS(Rates!$B:$B,$A5) | C5: =AVERAGEIFS(Rates!$C:$C,Rates!$B:$B,$A5) | D5: =MINIFS(Rates!$C:$C,Rates!$B:$B,$A5) | E5: =MAXIFS(Rates!$C:$C,Rates!$B:$B,$A5) | F5: =E5-D5 | G5: =MAXIFS(Rates!$D:$D,Rates!$B:$B,$A5) | H5: =MINIFS(Rates!$D:$D,Rates!$B:$B,$A5)

Sheet Notes
A1: FundEd exchange rates workbook
A3: Source | B3: dbo.vw_fx_rates_daily in Azure SQL, loaded by the Azure Data Factory pipeline in infra/data
A4: Rows | B4: 88 observations, 4 currency pairs, 2026-08-17 to 2026-09-15
A5: Rates sheet | B5: The data as loaded, as a filterable Excel table
A6: Daily by pair | B6: One column per pair, each cell a SUMIFS against the Rates sheet, charted as a line
A7: Summary | B7: Per-pair counts, averages, range and largest moves, all live formulas, charted as a bar
A9: Note | B9: Weekends are absent because the European Central Bank does not publish rates then
A10: Note | B10: The earliest date has no daily move because there is no previous day to compare
